{
    "0": 59.09987929415822,
    "1": 11.170080278964612,
    "2": 5.876266932347249,
    "3": 3.8395953480351768,
    "4": 3.6518307052669896,
    "5": 3.5694441783380917,
    "6": 3.414250953192957,
    "7": 3.285881248443278,
    "8": 3.0617132565669722,
    "9": 3.0310578046864523
}